"Tjänster som passar ditt val av abonnemang","Tjänster som passar ditt val av abonnemang"
"Tillbehör","Tillbehör"
"Fler Tillbehör","Fler Tillbehör"
"Go to Cart","Fler tillbehör"
"Inga tillgängliga produkter","Inga tillgängliga produkter"
"Lägg till en tjänst","Lägg till en tjänst"
"Minsta totala kostnad under din bindiningstid är","Minsta totala kostnad under din bindiningstid är"
"Engångskostnad att betyela nu","Att betala nu:"
"Löpande månadskostnader:","Löpande månadskostnad:"
"Enter Coupon code here","Enter Coupon code here"
"Nytt nummer","Nytt nummer"
"Behålla nummer","Behålla nummer"
"Skriv in ev. kampanjkod","Skriv in ev. kampanjkod"
"t.ex. COMVIQ23","t.ex. COMVIQ23"
"Kampanjkod:","Kampanjkod:"
"SSN är inte giltig","SSN är inte giltig"
"Post är inte giltig","Post är inte giltig"
"Post är inte lika","Post är inte lika"
"Hur vill du ha din abonnemangsfaktura?","Hur vill du ha din abonnemangsfaktura?"
"Faktura via e-post (Rekommenderas. Kostnad: 0 kr/mån. Skickas till tidigare angiven e-postadress)","Faktura via e-post (Rekommenderas. Kostnad: 0 kr/mån. Skickas till tidigare angiven e-postadress)"
"Pappersfaktura (Kostnad: 39 kr/mån)","Pappersfaktura (Kostnad: 39 kr/mån)"
"Hur vill du ha din leverans?","Hur vill du ha din leverans?"
"Hur vill du ha leveransbesked av ditt paket?","Hur vill du ha leveransbesked av ditt paket?"
"Jag vill även ha besked via SMS (Kostnad: 0 kr)","Jag vill även ha besked via SMS (Kostnad: 0 kr)"
"Du får alltid ett besked via e-post","Du får alltid ett besked via e-post"
"Nej tack, jag vill bara ha besked via e-post.","Nej tack, jag vill bara ha besked via e-post."
"Jag bekräftar att jag har läst och godkänner Comviqs villkor.","Jag bekräftar att jag har läst och godkänner Comviqs villkor."
"Leveransadress","Leveransadress"
"Leveransinformation","Leveransinformation"
"Ångerrätt","Ångerrätt"